term,pattern,year,total_count,n_reports,total_words,total_instruments,per_10000_words,count_per_report,count_per_instrument
action_taken,\baction\s+taken\b,1954,1,2,21568,,0.46364985163204747,0.5,
action_taken,\baction\s+taken\b,1955,0,1,15784,,0.0,0.0,
action_taken,\baction\s+taken\b,1956,0,3,25414,,0.0,0.0,
action_taken,\baction\s+taken\b,1957,4,2,45694,,0.8753884536262967,2.0,
action_taken,\baction\s+taken\b,1958,11,2,25521,,4.310175933544924,5.5,
action_taken,\baction\s+taken\b,1959,18,3,30307,,5.939221961922988,6.0,
action_taken,\baction\s+taken\b,1960,5,3,12383,,4.037793749495276,1.6666666666666667,
action_taken,\baction\s+taken\b,1961,8,3,10540,,7.590132827324478,2.6666666666666665,
action_taken,\baction\s+taken\b,1962,0,1,5189,,0.0,0.0,
action_taken,\baction\s+taken\b,1963,1,1,6591,,1.5172204521316948,1.0,
action_taken,\baction\s+taken\b,1964,0,1,4546,,0.0,0.0,
action_taken,\baction\s+taken\b,1965,3,1,10682,,2.8084628346751543,3.0,
action_taken,\baction\s+taken\b,1966,4,2,13385,,2.9884198729921554,2.0,
action_taken,\baction\s+taken\b,1967,2,1,15256,,1.3109596224436288,2.0,
action_taken,\baction\s+taken\b,1968,0,3,33093,,0.0,0.0,
action_taken,\baction\s+taken\b,1970,11,4,108326,,1.0154533537654857,2.75,
action_taken,\baction\s+taken\b,1971,7,2,29235,,2.3943902856165553,3.5,
action_taken,\baction\s+taken\b,1972,19,3,80698,,2.3544573595380305,6.333333333333333,
action_taken,\baction\s+taken\b,1973,9,4,99305,,0.9062987764966517,2.25,
action_taken,\baction\s+taken\b,1974,53,6,212499,,2.4941293841382786,8.833333333333334,
action_taken,\baction\s+taken\b,1975,0,2,43656,,0.0,0.0,
action_taken,\baction\s+taken\b,1976,13,3,100433,,1.2943952684874493,4.333333333333333,
action_taken,\baction\s+taken\b,1977,17,5,120485,,1.4109640204174794,3.4,
action_taken,\baction\s+taken\b,1978,42,9,200366,,2.096164019843686,4.666666666666667,
action_taken,\baction\s+taken\b,1979,10,6,91530,,1.092537965694308,1.6666666666666667,
action_taken,\baction\s+taken\b,1980,16,4,58326,,2.743202002537462,4.0,
action_taken,\baction\s+taken\b,1981,20,6,122860,,1.6278691193228063,3.3333333333333335,
action_taken,\baction\s+taken\b,1982,14,4,116162,,1.2052134088600404,3.5,
action_taken,\baction\s+taken\b,1983,158,8,298647,,5.29052694318041,19.75,
action_taken,\baction\s+taken\b,1984,16,4,74814,,2.138637153473949,4.0,
action_taken,\baction\s+taken\b,1985,14,4,64983,,2.154409614822338,3.5,
action_taken,\baction\s+taken\b,1986,33,7,124754,,2.6452057649454126,4.714285714285714,
action_taken,\baction\s+taken\b,1987,9,5,48861,,1.841959845275373,1.8,
action_taken,\baction\s+taken\b,1988,12,3,27924,,4.297378599054577,4.0,
action_taken,\baction\s+taken\b,1989,5,5,39439,,1.2677806232409543,1.0,
action_taken,\baction\s+taken\b,1990,2,1,11235,,1.7801513128615933,2.0,
action_taken,\baction\s+taken\b,1991,15,3,23047,,6.508439276261552,5.0,
action_taken,\baction\s+taken\b,1992,7,4,44383,,1.5771804519748553,1.75,
action_taken,\baction\s+taken\b,1993,5,3,30649,,1.6313745962347876,1.6666666666666667,
action_taken,\baction\s+taken\b,1994,3,10,113388,,0.26457826224997355,0.3,
action_taken,\baction\s+taken\b,1995,4,5,65389,,0.6117236844117512,0.8,
action_taken,\baction\s+taken\b,1996,17,2,19869,,8.55604207559515,8.5,
action_taken,\baction\s+taken\b,1997,76,8,64189,,11.84003489694496,9.5,
action_taken,\baction\s+taken\b,1998,8,2,20226,,3.9553050529022054,4.0,
action_taken,\baction\s+taken\b,1999,1,2,25571,,0.3910680067263697,0.5,
action_taken,\baction\s+taken\b,2000,4,3,32743,,1.2216351586598662,1.3333333333333333,
action_taken,\baction\s+taken\b,2001,15,3,14892,,10.07252215954875,5.0,
action_taken,\baction\s+taken\b,2002,7,5,21041,,3.326838078038116,1.4,
action_taken,\baction\s+taken\b,2003,6,4,18677,,3.212507361996038,1.5,
action_taken,\baction\s+taken\b,2004,6,2,16456,,3.6460865337870687,3.0,
action_taken,\baction\s+taken\b,2005,68,8,51005,,13.332026271934124,8.5,
action_taken,\baction\s+taken\b,2006,28,4,17973,,15.578923941467757,7.0,
action_taken,\baction\s+taken\b,2007,4,4,24544,,1.6297262059973925,1.0,
action_taken,\baction\s+taken\b,2008,36,7,51245,,7.025075617133378,5.142857142857143,
action_taken,\baction\s+taken\b,2009,0,2,11324,,0.0,0.0,
action_taken,\baction\s+taken\b,2010,97,12,49393,,19.638410301054805,8.083333333333334,
action_taken,\baction\s+taken\b,2011,49,7,35581,,13.771394845563643,7.0,
action_taken,\baction\s+taken\b,2012,35,6,27301,,12.820043221860006,5.833333333333333,
action_taken,\baction\s+taken\b,2013,50,9,47755,,10.470107842110773,5.555555555555555,
action_taken,\baction\s+taken\b,2014,38,5,29467,,12.895781721926223,7.6,
action_taken,\baction\s+taken\b,2015,17,8,44178,,3.8480691747023408,2.125,
action_taken,\baction\s+taken\b,2016,31,7,67043,,4.623898095252301,4.428571428571429,
action_taken,\baction\s+taken\b,2017,55,8,42089,,13.067547340160136,6.875,
action_taken,\baction\s+taken\b,2018,155,12,96175,,16.11645438003639,12.916666666666666,
action_taken,\baction\s+taken\b,2019,103,7,53632,,19.204952267303103,14.714285714285714,
action_taken,\baction\s+taken\b,2020,30,7,43400,,6.912442396313364,4.285714285714286,
action_taken,\baction\s+taken\b,2021,30,7,34659,,8.65576040855189,4.285714285714286,
action_taken,\baction\s+taken\b,2022,154,11,68448,,22.498831229546514,14.0,
action_taken,\baction\s+taken\b,2023,122,12,77744,,15.69252932702202,10.166666666666666,
delay_exact,\bdelay\b,1954,14,2,21568,,6.491097922848664,7.0,
delay_exact,\bdelay\b,1955,13,1,15784,,8.236188545362392,13.0,
delay_exact,\bdelay\b,1956,28,3,25414,,11.017549382230268,9.333333333333334,
delay_exact,\bdelay\b,1957,25,2,45694,,5.471177835164354,12.5,
delay_exact,\bdelay\b,1958,19,2,25521,,7.444849339759414,9.5,
delay_exact,\bdelay\b,1959,49,3,30307,,16.167882007457024,16.333333333333332,
delay_exact,\bdelay\b,1960,9,3,12383,,7.268028749091496,3.0,
delay_exact,\bdelay\b,1961,19,3,10540,,18.026565464895636,6.333333333333333,
delay_exact,\bdelay\b,1962,0,1,5189,,0.0,0.0,
delay_exact,\bdelay\b,1963,0,1,6591,,0.0,0.0,
delay_exact,\bdelay\b,1964,0,1,4546,,0.0,0.0,
delay_exact,\bdelay\b,1965,7,1,10682,,6.553079947575361,7.0,
delay_exact,\bdelay\b,1966,12,2,13385,,8.965259618976466,6.0,
delay_exact,\bdelay\b,1967,11,1,15256,,7.210277923439958,11.0,
delay_exact,\bdelay\b,1968,16,3,33093,,4.834859335811199,5.333333333333333,
delay_exact,\bdelay\b,1970,10,4,108326,,0.9231394125140778,2.5,
delay_exact,\bdelay\b,1971,9,2,29235,,3.078501795792714,4.5,
delay_exact,\bdelay\b,1972,88,3,80698,,10.904855138912984,29.333333333333332,
delay_exact,\bdelay\b,1973,88,4,99305,,8.86158803685615,22.0,
delay_exact,\bdelay\b,1974,308,6,212499,,14.49418585499226,51.333333333333336,
delay_exact,\bdelay\b,1975,45,2,43656,,10.307861462341945,22.5,
delay_exact,\bdelay\b,1976,145,3,100433,,14.437485686975396,48.333333333333336,
delay_exact,\bdelay\b,1977,216,5,120485,,17.927542847657385,43.2,
delay_exact,\bdelay\b,1978,145,9,200366,,7.23675673517463,16.11111111111111,
delay_exact,\bdelay\b,1979,28,6,91530,,3.0591063039440622,4.666666666666667,
delay_exact,\bdelay\b,1980,22,4,58326,,3.77190275348901,5.5,
delay_exact,\bdelay\b,1981,85,6,122860,,6.918443757121928,14.166666666666666,
delay_exact,\bdelay\b,1982,71,4,116162,,6.112153716361632,17.75,
delay_exact,\bdelay\b,1983,262,8,298647,,8.772899108311819,32.75,
delay_exact,\bdelay\b,1984,76,4,74814,,10.158526479001257,19.0,
delay_exact,\bdelay\b,1985,88,4,64983,,13.542003293168982,22.0,
delay_exact,\bdelay\b,1986,146,7,124754,,11.70303156612213,20.857142857142858,
delay_exact,\bdelay\b,1987,5,5,48861,,1.023311025152985,1.0,
delay_exact,\bdelay\b,1988,17,3,27924,,6.087953015327317,5.666666666666667,
delay_exact,\bdelay\b,1989,7,5,39439,,1.7748928725373363,1.4,
delay_exact,\bdelay\b,1990,2,1,11235,,1.7801513128615933,2.0,
delay_exact,\bdelay\b,1991,14,3,23047,,6.074543324510783,4.666666666666667,
delay_exact,\bdelay\b,1992,37,4,44383,,8.336525246152807,9.25,
delay_exact,\bdelay\b,1993,15,3,30649,,4.894123788704363,5.0,
delay_exact,\bdelay\b,1994,75,10,113388,,6.614456556249339,7.5,
delay_exact,\bdelay\b,1995,87,5,65389,,13.304990135955588,17.4,
delay_exact,\bdelay\b,1996,9,2,19869,,4.5296693341386085,4.5,
delay_exact,\bdelay\b,1997,56,8,64189,,8.72423623985418,7.0,
delay_exact,\bdelay\b,1998,25,2,20226,,12.36032829031939,12.5,
delay_exact,\bdelay\b,1999,97,2,25571,,37.93359665245786,48.5,
delay_exact,\bdelay\b,2000,34,3,32743,,10.383898848608862,11.333333333333334,
delay_exact,\bdelay\b,2001,16,3,14892,,10.744023636852,5.333333333333333,
delay_exact,\bdelay\b,2002,18,5,21041,,8.554726486383727,3.6,
delay_exact,\bdelay\b,2003,44,4,18677,,23.558387321304277,11.0,
delay_exact,\bdelay\b,2004,4,2,16456,,2.430724355858046,2.0,
delay_exact,\bdelay\b,2005,116,8,51005,,22.742868346240563,14.5,
delay_exact,\bdelay\b,2006,21,4,17973,,11.684192956100818,5.25,
delay_exact,\bdelay\b,2007,17,4,24544,,6.926336375488918,4.25,
delay_exact,\bdelay\b,2008,92,7,51245,,17.95297102156308,13.142857142857142,
delay_exact,\bdelay\b,2009,58,2,11324,,51.21865065347934,29.0,
delay_exact,\bdelay\b,2010,67,12,49393,,13.56467515639868,5.583333333333333,
delay_exact,\bdelay\b,2011,136,7,35581,,38.22264691829909,19.428571428571427,
delay_exact,\bdelay\b,2012,51,6,27301,,18.680634408996006,8.5,
delay_exact,\bdelay\b,2013,61,9,47755,,12.773531567375144,6.777777777777778,
delay_exact,\bdelay\b,2014,69,5,29467,,23.416024705602876,13.8,
delay_exact,\bdelay\b,2015,40,8,44178,,9.05428041106433,5.0,
delay_exact,\bdelay\b,2016,16,7,67043,,2.386528049162478,2.2857142857142856,
delay_exact,\bdelay\b,2017,10,8,42089,,2.375917698210934,1.25,
delay_exact,\bdelay\b,2018,36,12,96175,,3.743176501169742,3.0,
delay_exact,\bdelay\b,2019,4,7,53632,,0.7458233890214797,0.5714285714285714,
delay_exact,\bdelay\b,2020,24,7,43400,,5.529953917050691,3.4285714285714284,
delay_exact,\bdelay\b,2021,28,7,34659,,8.078709714648431,4.0,
delay_exact,\bdelay\b,2022,118,11,68448,,17.239364188873306,10.727272727272727,
delay_exact,\bdelay\b,2023,97,12,77744,,12.476847087878165,8.083333333333334,
delay_family,\b(delays?|delayed|delaying)\b,1954,17,2,21568,,7.882047477744807,8.5,
delay_family,\b(delays?|delayed|delaying)\b,1955,14,1,15784,,8.869741510390268,14.0,
delay_family,\b(delays?|delayed|delaying)\b,1956,30,3,25414,,11.804517195246715,10.0,
delay_family,\b(delays?|delayed|delaying)\b,1957,25,2,45694,,5.471177835164354,12.5,
delay_family,\b(delays?|delayed|delaying)\b,1958,19,2,25521,,7.444849339759414,9.5,
delay_family,\b(delays?|delayed|delaying)\b,1959,49,3,30307,,16.167882007457024,16.333333333333332,
delay_family,\b(delays?|delayed|delaying)\b,1960,9,3,12383,,7.268028749091496,3.0,
delay_family,\b(delays?|delayed|delaying)\b,1961,21,3,10540,,19.924098671726753,7.0,
delay_family,\b(delays?|delayed|delaying)\b,1962,0,1,5189,,0.0,0.0,
delay_family,\b(delays?|delayed|delaying)\b,1963,0,1,6591,,0.0,0.0,
delay_family,\b(delays?|delayed|delaying)\b,1964,0,1,4546,,0.0,0.0,
delay_family,\b(delays?|delayed|delaying)\b,1965,7,1,10682,,6.553079947575361,7.0,
delay_family,\b(delays?|delayed|delaying)\b,1966,15,2,13385,,11.206574523720583,7.5,
delay_family,\b(delays?|delayed|delaying)\b,1967,13,1,15256,,8.521237545883587,13.0,
delay_family,\b(delays?|delayed|delaying)\b,1968,21,3,33093,,6.345752878252198,7.0,
delay_family,\b(delays?|delayed|delaying)\b,1970,16,4,108326,,1.4770230600225247,4.0,
delay_family,\b(delays?|delayed|delaying)\b,1971,9,2,29235,,3.078501795792714,4.5,
delay_family,\b(delays?|delayed|delaying)\b,1972,104,3,80698,,12.8875560732608,34.666666666666664,
delay_family,\b(delays?|delayed|delaying)\b,1973,100,4,99305,,10.069986405518351,25.0,
delay_family,\b(delays?|delayed|delaying)\b,1974,343,6,212499,,16.141252429423197,57.166666666666664,
delay_family,\b(delays?|delayed|delaying)\b,1975,47,2,43656,,10.765988638446032,23.5,
delay_family,\b(delays?|delayed|delaying)\b,1976,165,3,100433,,16.428863023109933,55.0,
delay_family,\b(delays?|delayed|delaying)\b,1977,264,5,120485,,21.911441258247915,52.8,
delay_family,\b(delays?|delayed|delaying)\b,1978,178,9,200366,,8.883742750766098,19.77777777777778,
delay_family,\b(delays?|delayed|delaying)\b,1979,33,6,91530,,3.605375286791216,5.5,
delay_family,\b(delays?|delayed|delaying)\b,1980,34,4,58326,,5.829304255392106,8.5,
delay_family,\b(delays?|delayed|delaying)\b,1981,114,6,122860,,9.278853980139997,19.0,
delay_family,\b(delays?|delayed|delaying)\b,1982,85,4,116162,,7.317367125221673,21.25,
delay_family,\b(delays?|delayed|delaying)\b,1983,312,8,298647,,10.447116495394226,39.0,
delay_family,\b(delays?|delayed|delaying)\b,1984,88,4,74814,,11.762504344106716,22.0,
delay_family,\b(delays?|delayed|delaying)\b,1985,125,4,64983,,19.235800132342305,31.25,
delay_family,\b(delays?|delayed|delaying)\b,1986,190,7,124754,,15.229972586049344,27.142857142857142,
delay_family,\b(delays?|delayed|delaying)\b,1987,12,5,48861,,2.455946460367164,2.4,
delay_family,\b(delays?|delayed|delaying)\b,1988,26,3,27924,,9.31098696461825,8.666666666666666,
delay_family,\b(delays?|delayed|delaying)\b,1989,11,5,39439,,2.7891173711300996,2.2,
delay_family,\b(delays?|delayed|delaying)\b,1990,2,1,11235,,1.7801513128615933,2.0,
delay_family,\b(delays?|delayed|delaying)\b,1991,24,3,23047,,10.413502842018485,8.0,
delay_family,\b(delays?|delayed|delaying)\b,1992,42,4,44383,,9.46308271184913,10.5,
delay_family,\b(delays?|delayed|delaying)\b,1993,21,3,30649,,6.851773304186107,7.0,
delay_family,\b(delays?|delayed|delaying)\b,1994,101,10,113388,,8.907468162415777,10.1,
delay_family,\b(delays?|delayed|delaying)\b,1995,117,5,65389,,17.892917769043724,23.4,
delay_family,\b(delays?|delayed|delaying)\b,1996,9,2,19869,,4.5296693341386085,4.5,
delay_family,\b(delays?|delayed|delaying)\b,1997,77,8,64189,,11.9958248297995,9.625,
delay_family,\b(delays?|delayed|delaying)\b,1998,31,2,20226,,15.326807079996044,15.5,
delay_family,\b(delays?|delayed|delaying)\b,1999,108,2,25571,,42.235344726447934,54.0,
delay_family,\b(delays?|delayed|delaying)\b,2000,38,3,32743,,11.605534007268728,12.666666666666666,
delay_family,\b(delays?|delayed|delaying)\b,2001,25,3,14892,,16.78753693258125,8.333333333333334,
delay_family,\b(delays?|delayed|delaying)\b,2002,24,5,21041,,11.406301981844969,4.8,
delay_family,\b(delays?|delayed|delaying)\b,2003,53,4,18677,,28.377148364298336,13.25,
delay_family,\b(delays?|delayed|delaying)\b,2004,4,2,16456,,2.430724355858046,2.0,
delay_family,\b(delays?|delayed|delaying)\b,2005,132,8,51005,,25.87981570434271,16.5,
delay_family,\b(delays?|delayed|delaying)\b,2006,27,4,17973,,15.022533800701051,6.75,
delay_family,\b(delays?|delayed|delaying)\b,2007,17,4,24544,,6.926336375488918,4.25,
delay_family,\b(delays?|delayed|delaying)\b,2008,118,7,51245,,23.026636745048297,16.857142857142858,
delay_family,\b(delays?|delayed|delaying)\b,2009,70,2,11324,,61.81561285764747,35.0,
delay_family,\b(delays?|delayed|delaying)\b,2010,87,12,49393,,17.61383191950276,7.25,
delay_family,\b(delays?|delayed|delaying)\b,2011,146,7,35581,,41.03313566229168,20.857142857142858,
delay_family,\b(delays?|delayed|delaying)\b,2012,54,6,27301,,19.779495256584006,9.0,
delay_family,\b(delays?|delayed|delaying)\b,2013,68,9,47755,,14.239346665270652,7.555555555555555,
delay_family,\b(delays?|delayed|delaying)\b,2014,77,5,29467,,26.13092612074524,15.4,
delay_family,\b(delays?|delayed|delaying)\b,2015,45,8,44178,,10.186065462447372,5.625,
delay_family,\b(delays?|delayed|delaying)\b,2016,18,7,67043,,2.6848440553077877,2.5714285714285716,
delay_family,\b(delays?|delayed|delaying)\b,2017,19,8,42089,,4.514243626600774,2.375,
delay_family,\b(delays?|delayed|delaying)\b,2018,45,12,96175,,4.678970626462179,3.75,
delay_family,\b(delays?|delayed|delaying)\b,2019,9,7,53632,,1.6781026252983293,1.2857142857142858,
delay_family,\b(delays?|delayed|delaying)\b,2020,32,7,43400,,7.373271889400922,4.571428571428571,
delay_family,\b(delays?|delayed|delaying)\b,2021,32,7,34659,,9.23281110245535,4.571428571428571,
delay_family,\b(delays?|delayed|delaying)\b,2022,138,11,68448,,20.161290322580644,12.545454545454545,
delay_family,\b(delays?|delayed|delaying)\b,2023,122,12,77744,,15.69252932702202,10.166666666666666,
recruitment,\brecruitment\b,1954,0,2,21568,,0.0,0.0,
recruitment,\brecruitment\b,1955,0,1,15784,,0.0,0.0,
recruitment,\brecruitment\b,1956,0,3,25414,,0.0,0.0,
recruitment,\brecruitment\b,1957,0,2,45694,,0.0,0.0,
recruitment,\brecruitment\b,1958,4,2,25521,,1.5673367031072452,2.0,
recruitment,\brecruitment\b,1959,25,3,30307,,8.248919391559706,8.333333333333334,
recruitment,\brecruitment\b,1960,7,3,12383,,5.6529112492933855,2.3333333333333335,
recruitment,\brecruitment\b,1961,14,3,10540,,13.282732447817837,4.666666666666667,
recruitment,\brecruitment\b,1962,1,1,5189,,1.927153594141453,1.0,
recruitment,\brecruitment\b,1963,0,1,6591,,0.0,0.0,
recruitment,\brecruitment\b,1964,9,1,4546,,19.79762428508579,9.0,
recruitment,\brecruitment\b,1965,6,1,10682,,5.616925669350309,6.0,
recruitment,\brecruitment\b,1966,11,2,13385,,8.218154650728428,5.5,
recruitment,\brecruitment\b,1967,14,1,15256,,9.176717357105401,14.0,
recruitment,\brecruitment\b,1968,54,3,33093,,16.317650258362796,18.0,
recruitment,\brecruitment\b,1970,277,4,108326,,25.570961726639954,69.25,
recruitment,\brecruitment\b,1971,18,2,29235,,6.157003591585428,9.0,
recruitment,\brecruitment\b,1972,193,3,80698,,23.916330020570523,64.33333333333333,
recruitment,\brecruitment\b,1973,163,4,99305,,16.414077840994914,40.75,
recruitment,\brecruitment\b,1974,571,6,212499,,26.87071468571617,95.16666666666667,
recruitment,\brecruitment\b,1975,88,2,43656,,20.157595748579805,44.0,
recruitment,\brecruitment\b,1976,75,3,100433,,7.467665010504515,25.0,
recruitment,\brecruitment\b,1977,89,5,120485,,7.386811636303274,17.8,
recruitment,\brecruitment\b,1978,277,9,200366,,13.824700797540501,30.77777777777778,
recruitment,\brecruitment\b,1979,198,6,91530,,21.632251720747295,33.0,
recruitment,\brecruitment\b,1980,114,4,58326,,19.545314268079416,28.5,
recruitment,\brecruitment\b,1981,225,6,122860,,18.313527592381572,37.5,
recruitment,\brecruitment\b,1982,528,4,116162,,45.4537628484358,132.0,
recruitment,\brecruitment\b,1983,634,8,298647,,21.229076468204937,79.25,
recruitment,\brecruitment\b,1984,130,4,74814,,17.376426871975834,32.5,
recruitment,\brecruitment\b,1985,118,4,64983,,18.158595324931134,29.5,
recruitment,\brecruitment\b,1986,52,7,124754,,4.168203023550347,7.428571428571429,
recruitment,\brecruitment\b,1987,31,5,48861,,6.344528355948507,6.2,
recruitment,\brecruitment\b,1988,5,3,27924,,1.7905744162727402,1.6666666666666667,
recruitment,\brecruitment\b,1989,18,5,39439,,4.564010243667436,3.6,
recruitment,\brecruitment\b,1990,0,1,11235,,0.0,0.0,
recruitment,\brecruitment\b,1991,22,3,23047,,9.545710938516944,7.333333333333333,
recruitment,\brecruitment\b,1992,100,4,44383,,22.5311493139265,25.0,
recruitment,\brecruitment\b,1993,118,3,30649,,38.50044047114098,39.333333333333336,
recruitment,\brecruitment\b,1994,154,10,113388,,13.581684128831975,15.4,
recruitment,\brecruitment\b,1995,70,5,65389,,10.705164477205647,14.0,
recruitment,\brecruitment\b,1996,29,2,19869,,14.595601187779959,14.5,
recruitment,\brecruitment\b,1997,106,8,64189,,16.513732882581127,13.25,
recruitment,\brecruitment\b,1998,48,2,20226,,23.73183031741323,24.0,
recruitment,\brecruitment\b,1999,35,2,25571,,13.687380235422939,17.5,
recruitment,\brecruitment\b,2000,127,3,32743,,38.78691628745075,42.333333333333336,
recruitment,\brecruitment\b,2001,88,3,14892,,59.092130002686005,29.333333333333332,
recruitment,\brecruitment\b,2002,97,5,21041,,46.10047050995676,19.4,
recruitment,\brecruitment\b,2003,87,4,18677,,46.58135674894255,21.75,
recruitment,\brecruitment\b,2004,36,2,16456,,21.876519202722413,18.0,
recruitment,\brecruitment\b,2005,66,8,51005,,12.939907852171356,8.25,
recruitment,\brecruitment\b,2006,44,4,17973,,24.481166193735046,11.0,
recruitment,\brecruitment\b,2007,23,4,24544,,9.370925684485007,5.75,
recruitment,\brecruitment\b,2008,86,7,51245,,16.782125085374183,12.285714285714286,
recruitment,\brecruitment\b,2009,8,2,11324,,7.064641469445426,4.0,
recruitment,\brecruitment\b,2010,85,12,49393,,17.208916243192355,7.083333333333333,
recruitment,\brecruitment\b,2011,69,7,35581,,19.392372333548806,9.857142857142858,
recruitment,\brecruitment\b,2012,59,6,27301,,21.61093000256401,9.833333333333334,
recruitment,\brecruitment\b,2013,39,9,47755,,8.166684116846403,4.333333333333333,
recruitment,\brecruitment\b,2014,84,5,29467,,28.50646485899481,16.8,
recruitment,\brecruitment\b,2015,218,8,44178,,49.345828240300605,27.25,
recruitment,\brecruitment\b,2016,98,7,67043,,14.617484301120177,14.0,
recruitment,\brecruitment\b,2017,31,8,42089,,7.3653448644538955,3.875,
recruitment,\brecruitment\b,2018,106,12,96175,,11.021575253444244,8.833333333333334,
recruitment,\brecruitment\b,2019,113,7,53632,,21.069510739856803,16.142857142857142,
recruitment,\brecruitment\b,2020,86,7,43400,,19.81566820276498,12.285714285714286,
recruitment,\brecruitment\b,2021,41,7,34659,,11.82953922502092,5.857142857142857,
recruitment,\brecruitment\b,2022,64,11,68448,,9.350163627863488,5.818181818181818,
recruitment,\brecruitment\b,2023,79,12,77744,,10.161555875694587,6.583333333333333,
